subject_id,task_id,agent_type,Feedback_Level,generated_feedback
P_16,task_1,agent_2,F_3,"You have a natural eye for reimagining shapes into meaningful forms—your creative instincts are unmistakable. Trust that perspective; it reflects a distinctive, inventive style."
P_16,task_1,agent_2,F_2,You're making steady progress with your designs—keep exploring new combinations. Each attempt moves your work forward.
P_16,task_1,agent_2,F_1,"Next, let's make a pear fruit using 1 green triangle and 1 yellow hexagon. Then, how about making a fish with 1 red trapezoid, 1 yellow hexagon, and 1 green triangle?"
P_11,task_1,agent_2,F_3,"Your designs showcase a strong, original creative voice. You clearly see possibilities others might miss."
P_11,task_1,agent_2,F_2,Nice momentum on the task—keep experimenting with different arrangements. Every new layout strengthens your progress.
P_11,task_1,agent_2,F_1,"Next, let's make a spaceship using 1 green triangle and 2 blue rhombuses. Or, how about constructing a simple house with the 1 white rhombus as the roof and lining up 2 blue rhombuses as the walls?"
P_12,task_1,agent_2,F_3,"Your work reflects a vivid imagination and distinct design sensibility. Those choices highlight a confident, inventive perspective."
P_12,task_1,agent_2,F_2,You're building steady momentum—keep trying new combinations and stay with the process. Each iteration is moving you forward.
P_12,task_1,agent_2,F_1,"Next, let's make a wine glass using 1 orange square and 2 green triangles. Or, you could create a perfume bottle with 1 yellow hexagon and 1 orange square. Enjoy building!"
P_30,task_1,agent_2,F_3,"You demonstrate a strong talent for visualizing and shaping ideas. Your creations project a confident, original style."
P_30,task_1,agent_2,F_2,Good task focus—keep exploring arrangements with the available pieces. Each attempt adds to your progress.
P_30,task_1,agent_2,F_1,"Let's try making a robot using one blue 3D rectangle, one blue 3D half circle, and one blue 3D rectangular cut-out. 

Next, how about creating an up arrow with one blue 3D rectangle and one blue 3D triangle?"
P_14,task_1,agent_2,F_3,Your designs consistently reveal a distinctive creative viewpoint. There's a clear personal style in how you combine forms.
P_14,task_1,agent_2,F_2,You're progressing well—keep exploring alternative layouts and continue iterating. Every try is strengthening the work.
P_14,task_1,agent_2,F_1,"Let's try making an owl using 1 orange 3D trapezoid and 2 orange 3D cubes. Another object could be an up arrow using 2 orange 3D trapezoids, 2 orange 3D cubes, and 1 orange 3D triangle. Have fun creating!"
P_29,task_1,agent_2,F_3,"Your imagination comes through clearly in these builds. You bring a distinctive, inventive touch to simple pieces."
P_29,task_1,agent_2,F_2,You're maintaining solid task momentum—keep testing new combinations and arrangements. Each attempt moves the design process forward.
P_29,task_1,agent_2,F_1,"How about making a sun by using one yellow hexagon as the center and arranging the two white rhombuses as rays on opposite sides?

Next, let's make a tree by using the green triangle as the foliage and the red trapezoid as the trunk."
P_10,task_1,agent_2,F_3,You show a strong capacity to turn simple pieces into expressive objects. That inventive perspective stands out.
P_10,task_1,agent_2,F_2,You're moving steadily through the task—keep exploring combinations and build on your momentum. Each new attempt advances your progress.
P_10,task_1,agent_2,F_1,"Let's try making an owl using one blue 3D cube and two blue 3D cubes.

Next, how about creating a snake with one blue 3D half circle, two blue 3D cubes, and one blue 3D triangle."
P_26,task_1,agent_2,F_3,"Your work reflects confident, original thinking about form. There’s a clear creative signature in how you build."
P_26,task_1,agent_2,F_2,Strong task focus—keep exploring arrangements and testing alternatives. Every iteration contributes to forward progress.
P_26,task_1,agent_2,F_1,"Let's make a robot using one blue 3D rectangle, one blue 3D half circle, and one blue 3D rectangular cut-out. Next, let's make a castle using one blue 3D triangle, one blue 3D cube, and one blue 3D rectangular cut-out. Have fun building!"
P_31,task_1,agent_2,F_3,"You have a strong instinct for seeing potential in simple shapes. Your designs express a clear, imaginative voice."
P_31,task_1,agent_2,F_2,You're building momentum—keep exploring new arrangements and stay with the process. Each attempt adds to your progress.
P_31,task_1,agent_2,F_1,"Next, let's make a kite by using one green triangle and one white rhombus.

How about making a simple house by using the red square as the house's body and the green triangle as the roof?"
P_32,task_1,agent_2,F_3,Your builds reveal a confident creative perspective. You consistently transform simple elements into distinctive results.
P_32,task_1,agent_2,F_2,Nice forward motion on the task—keep experimenting with different combinations. Each try moves the work ahead.
P_32,task_1,agent_2,F_1,"Let's try making an arrowhead using one red trapezoid, one orange square, and one green triangle. Next, we could create a torch with one red trapezoid, one orange square, and one white rhombus. Enjoy building!"
P_27,task_1,agent_2,F_3,"Your creations highlight an original, confident design sense. You bring a distinctive viewpoint to every build."
P_27,task_1,agent_2,F_2,You're keeping steady momentum—continue testing new arrangements. Each iteration strengthens your progress.
P_27,task_1,agent_2,F_1,"Next, let's make a simple windmill by using 1 blue rhombus and 2 white rhombus to form the sails, and the 1 red square can be the mill base.

How about creating a butterfly using 1 green triangle for the body and 2 white rhombus for the wings? This will give you a lovely symmetrical design."
P_25,task_1,agent_2,F_3,"Your portfolio of objects shows clear inventive range. You think in bold, original ways about form."
P_25,task_1,agent_2,F_2,You're moving the task forward—keep exploring different layouts and keep iterating. Each attempt contributes to progress.
P_25,task_1,agent_2,F_1,"Let's try making a kite by using two white rhombus shapes for the main structure and one green triangle for the tail.

How about creating a sun by arranging the one yellow hexagon in the center as the sun's body and scattering the two white rhombus shapes around it to represent the rays."
P_9,task_1,agent_2,F_3,Your designs reflect a strong creative identity and eye for structure. You’re bringing ideas to life with a distinctive touch.
P_9,task_1,agent_2,F_2,Steady task progress—keep exploring new combinations and maintain your focus. Each build adds to your forward momentum.
P_9,task_1,agent_2,F_1,"Next, let's make a candy using 2 red trapezoids and 1 yellow hexagon. Then, how about creating a cat face with 2 green triangles and 1 yellow hexagon?"
P_13,task_1,agent_2,F_3,You’re translating simple shapes into expressive creations with real originality. That inventive perspective stands out.
P_13,task_1,agent_2,F_2,You're keeping the task moving—continue trying new arrangements and exploring options. Each attempt builds progress.
P_13,task_1,agent_2,F_1,"Next, let's make a pear fruit using 1 green triangle and 1 yellow hexagon. Then, you could try making a cat face with the same shapes--use the 1 yellow hexagon as the face and 2 green triangles for the ears. Have fun creating!"
P_28,task_1,agent_2,F_3,Your builds show confident creative judgment and a unique perspective. You bring a clear artistic voice to these shapes.
P_28,task_1,agent_2,F_2,Good momentum—keep exploring new combinations and continue iterating. Each pass advances the work.
P_28,task_1,agent_2,F_1,"Next, let's make an arrowhead using one red trapezoid, one orange square, and one green triangle. After that, you could try creating a torch with one red trapezoid, one orange square, and one white rhombus. Have fun building!"
P_15,task_1,agent_2,F_3,You show a strong creative sense in how you compose each design. Your perspective gives these builds a distinct signature.
P_15,task_1,agent_2,F_2,You're sustaining progress—keep exploring arrangements with the pieces you have. Each attempt moves you forward.
P_15,task_1,agent_2,F_1,"Next, let's make a kite by using 1 green triangle and 1 white rhombus. 

Then, how about crafting a simple house? You'll need 2 blue rhombus for the roof and 1 white rhombus for the walls."
P_16,task_1,agent_1,F_3,"You bring a resourceful, imaginative outlook to these builds. Your designs reveal a confident creative identity."
P_16,task_1,agent_1,F_2,Nice momentum—keep exploring new arrangements and stay with the process. Each try adds to your progress.
P_16,task_1,agent_1,F_1,"Next, let's make an arrowhead using one red trapezoid, one orange square, and one green triangle. Then, how about making a torch with one red trapezoid, one orange square, and one white rhombus. Enjoy crafting!"
P_11,task_1,agent_1,F_3,"Your imagination is clearly strong, and your objects reflect an original vision. You see beyond the basics in a distinctive way."
P_11,task_1,agent_1,F_2,You're maintaining steady task progress—keep experimenting with combinations. Each attempt pushes the work forward.
P_11,task_1,agent_1,F_1,"Based on the shapes provided and the example objects list, let's try making a windmill by using one blue rhombus and one green triangle for the blades. For the base, use the white rhombus standing upright.

Next, how about making a simple fish? Use the red square as the body and the green triangle as the tail. If you align the triangle to look like a tail fin, it will give the impression of a fish swimming."
P_12,task_1,agent_1,F_3,"Your work showcases a confident, original creative style. You consistently turn simple pieces into distinctive results."
P_12,task_1,agent_1,F_2,Good forward motion—keep trying different combinations and continue exploring. Each iteration contributes to progress.
P_12,task_1,agent_1,F_1,"Next, let's make a rocket using one red trapezoid, one orange square, and one green triangle.

Or you could try a pencil with two orange squares and one green triangle. Enjoy creating!"
P_30,task_1,agent_1,F_3,Your designs reflect a distinctive point of view and confident visual judgment. That creative voice stands out.
P_30,task_1,agent_1,F_2,You're moving the task forward—keep exploring combinations and stay with your process. Each build adds to your progress.
P_30,task_1,agent_1,F_1,"Next, let's make a factory using two orange 3D trapezoids, two orange 3D cubes, and one orange 3D triangle. 

Then, you could try making an owl with one orange 3D trapezoid and two orange 3D cubes."
P_14,task_1,agent_1,F_3,"Your approach shows a confident, imaginative perspective. You consistently see compelling possibilities in simple shapes."
P_14,task_1,agent_1,F_2,You're keeping steady progress—continue exploring arrangements and iterate on your layouts. Each attempt moves the work along.
P_14,task_1,agent_1,F_1,"Next, let's make a castle using one blue 3D triangle, one blue 3D cube, and one blue 3D rectangular cut-out. Or you could create a robot by combining one blue 3D rectangle, one blue 3D half circle, and one blue 3D rectangular cut-out. Have fun building!"
P_29,task_1,agent_1,F_3,You’re shaping ideas with a distinctive creative signature. There’s a clear inventive mindset guiding these builds.
P_29,task_1,agent_1,F_2,You're progressing well—keep testing combinations and maintain your focus on the task. Each pass advances your work.
P_29,task_1,agent_1,F_1,"Let's try making a sunflower using 1 yellow hexagon for the center and 1 green triangle for a leaf.

Next, how about creating a kite by combining 1 red trapezoid with 1 white rhombus for the main structure?"
P_10,task_1,agent_1,F_3,Your objects reveal a confident creative outlook and strong visual imagination. You bring ideas to life with a distinctive touch.
P_10,task_1,agent_1,F_2,You're moving steadily—keep exploring layouts and continue building on your momentum. Each attempt strengthens your progress.
P_0,task_1,agent_1,F_1,"Next, let's make a robot using one blue 3D rectangle, one blue 3D half circle, and one blue 3D triangular cut-out.

Another object could be a castle using one blue 3D cube, one blue 3D triangle, and one blue 3D rectangular cut-out."
P_26,task_1,agent_1,F_3,Your work showcases adaptability and a distinct creative voice. You’re clearly skilled at envisioning and shaping ideas.
P_26,task_1,agent_1,F_2,You're keeping good task momentum—continue exploring new arrangements. Each build contributes to forward progress.
P_26,task_1,agent_1,F_1,"Let's try making a cat face using one yellow hexagon and two white rhombus shapes -- the hexagon can be the face, and the rhombus shapes can be the ears. Or, how about a simple flower? You could use one yellow hexagon for the center and the red trapezoid plus green triangle for petals and a leaf."
P_31,task_1,agent_1,F_3,"You have a strong instinct for spotting potential in simple elements. Your designs reflect a confident, imaginative style."
P_31,task_1,agent_1,F_2,You're maintaining steady progress—keep exploring combinations and continue iterating. Each attempt moves you forward.
P_31,task_1,agent_1,F_1,"Next, let's make a boat by using 3 blue rhombus. Or, you can create a table lamp with 1 blue rhombus, 1 green triangle, and 1 white rhombus. Have fun building!"
P_32,task_1,agent_1,F_3,Your builds highlight an original perspective and confident creative judgment. You consistently shape distinctive results.
P_32,task_1,agent_1,F_2,You're keeping the task moving—stay with your process and try fresh arrangements. Each attempt adds to your progress.
P_32,task_1,agent_1,F_1,"Let's try making a table lamp using 1 yellow hexagon, 1 blue rhombus, and 2 green triangles. Or, how about a perfume bottle? You'll need 1 yellow hexagon and 1 orange square. Have fun creating!"
P_27,task_1,agent_1,F_3,Your work reflects confident creative thinking and an original vision. You’re clearly adept at turning concepts into form.
P_27,task_1,agent_1,F_2,You're advancing the task—keep exploring and iterating with the remaining pieces. Each pass strengthens your overall progress.
P_27,task_1,agent_1,F_1,"How about making a table lamp using 1 blue rhombus, 1 green triangle, and 1 white rhombus? Next, let's make a bird with 2 blue rhombus, 1 white rhombus, and 1 green triangle."
P_25,task_1,agent_1,F_3,"Your portfolio shows a bold, inventive approach. You bring a clear creative identity to these builds."
P_25,task_1,agent_1,F_2,You're maintaining progress—keep exploring new layouts and continue iterating. Each attempt moves the work ahead.
P_25,task_1,agent_1,F_1,"Next, let's make a candy using 2 red trapezoids and 1 yellow hexagon. And then, how about making a fish with 1 red trapezoid, 1 yellow hexagon, and 1 green triangle? Have fun creating!"
P_9,task_1,agent_1,F_3,"You demonstrate a clear talent for reimagining simple shapes. Your designs show a distinctive, inventive sensibility."
P_9,task_1,agent_1,F_2,You're moving steadily—keep exploring new arrangements and stay focused. Each build adds to your progress.
P_9,task_1,agent_1,F_1,"Let's try making a cat face using 1 yellow hexagon for the face, 2 white rhombus for the ears, and 1 green triangle for a playful bowtie.

Next, how about making an abstract art piece? You can use 1 yellow hexagon as the central figure, 1 red trapezoid and 2 white rhombus to create dynamic shapes around it."
P_13,task_1,agent_1,F_3,"Your objects reflect strong creative vision and artistic judgment. You’re bringing ideas to life with a personal, imaginative style."
P_13,task_1,agent_1,F_2,You're driving the task forward—keep exploring alternative combinations and iterate. Each attempt builds momentum.
P_13,task_1,agent_1,F_1,"Next, let's make a fish using one red trapezoid, one yellow hexagon, and one green triangle. Then, how about creating a pear fruit with one green triangle and one yellow hexagon? Enjoy crafting!"
P_28,task_1,agent_1,F_3,Your builds show resourcefulness and a distinctive creative stance. You’re shaping ideas with a clear artistic voice.
P_28,task_1,agent_1,F_2,You're making steady progress—keep exploring new combinations and continue iterating. Each pass moves your work forward.
P_28,task_1,agent_1,F_1,"Let's make a table lamp using 1 yellow hexagon, 1 blue rhombus, and 2 green triangles. Next, how about creating a candy by combining 2 green triangles with 1 orange square?"
P_15,task_1,agent_1,F_3,"You display a confident, problem-solving creative style. Your imagination is a clear asset in these builds."
P_15,task_1,agent_1,F_2,You're sustaining momentum—keep exploring arrangements with the remaining pieces. Each attempt advances your progress.
P_15,task_1,agent_1,F_1,"Next, let's make a flower using 1 blue rhombus, 2 white rhombus, and 1 green triangle. 

How about creating an abstract tree using 1 red square (as the trunk) and 1 green triangle (as the canopy)?"
P_17,task_2,agent_2,F_3,Your command of clarity and structure stands out in this draft. It reflects strong writing ability and confident expression.
P_17,task_2,agent_2,F_2,You're making steady progress on this revision—keep at it and continue refining. Each pass tightens the paragraph.
P_17,task_2,agent_2,F_1,"I noticed two mistakes in your response: the phrase ""Many organizations does not"" needs to be corrected for grammar, and ""communications"" is misspelled. Could you fix those for me?"
P_6,task_2,agent_2,F_3,"Your writing shows clear, confident expression and strong organization. These choices highlight solid authorial ability."
P_6,task_2,agent_2,F_2,You're moving forward well—keep focusing on the edits and continue refining. Each pass improves the draft.
P_6,task_2,agent_2,F_1,"Your response is mostly good, but there are a couple of errors that still need fixing. First, there's a spelling mistake with ""contents"" in the fifth sentence, and second, watch out for the inconsistency with ""its"" in the eighth sentence."
P_24,task_2,agent_2,F_3,"This revision reflects strong judgment about structure and flow. It showcases clear, confident writing ability."
P_24,task_2,agent_2,F_2,You're maintaining steady progress—keep reviewing and refining. Each round sharpens clarity.
P_24,task_2,agent_2,F_1,"You’ve done a great job fixing most of the issues, but it looks like there are still a couple that need attention: the word “todays” needs an apostrophe, and “adaptation” might not be the best choice in the sixth sentence. Let’s tweak those!"
P_3,task_2,agent_2,F_3,Your draft demonstrates clear control over language and structure. It reflects strong writing skill and confident voice.
P_3,task_2,agent_2,F_2,You're progressing well—keep focusing on polish and consistency. Each edit tightens the argument.
P_3,task_2,agent_2,F_1,Looks like you've tackled all the errors! Just give it one last quick review to make sure nothing slipped through the cracks.
P_2,task_2,agent_2,F_3,"Your writing displays a clear, organized voice and mature judgment. It highlights strong authorial ability."
P_2,task_2,agent_2,F_2,You're making steady headway—keep reviewing for clarity and precision. Each pass improves the text.
P_2,task_2,agent_2,F_1,"Hey, I noticed a couple of mistakes in your response that still need fixing. Can you take another look at the third sentence for the grammar and word choice?"
P_7,task_2,agent_2,F_3,Your draft reflects confident control of language and careful judgment. These choices showcase strong writing ability.
P_7,task_2,agent_2,F_2,You're moving in the right direction—keep refining and maintain your focus. Each edit adds clarity.
P_7,task_2,agent_2,F_1,"You've made some good corrections, but there are still a couple of errors to fix. For example, ""individual who spends too much time on screen"" should be ""individuals,"" and ""employee's privacy"" has a consistency issue—take another look at those!"
P_21,task_2,agent_2,F_3,Your revisions reveal a strong grasp of style and structure. The voice reads confident and assured.
P_21,task_2,agent_2,F_2,You're sustaining momentum—keep reviewing and trimming. Each pass sharpens the paragraph.
P_21,task_2,agent_2,F_1,"It looks like you've begun to fix some mistakes, but there's still more to do. I noticed a couple of errors, like ""has change"" and ""convient"" that need correcting."
P_1,task_2,agent_2,F_3,Your voice comes through clearly and confidently. The draft reflects strong expressive ability.
P_1,task_2,agent_2,F_2,You're on the right track—keep reviewing and refining. Each focused pass improves the result.
P_1,task_2,agent_2,F_1,"It looks like your response got cut off—can you finish that paragraph? Also, I noticed a couple of mistakes: ""recognise"" should be spelled with a ""z"" in the sixth sentence, and there's a typo in ""frequenct"" in the seventh sentence."
P_20,task_2,agent_2,F_3,Your edits show clear command of structure and tone. This reflects strong writing ability.
P_20,task_2,agent_2,F_2,You're making consistent progress—keep refining for precision. Each pass tightens the prose.
P_20,task_2,agent_2,F_1,"I see you've made some corrections, but there are still a couple of errors to fix. First, ""adaptation"" in the sixth sentence could use a different word, and ""growths"" in the eighth sentence needs to be consistent."
P_23,task_2,agent_2,F_3,"Your work reflects a thoughtful, nuanced command of language. That confidence shows in the phrasing."
P_23,task_2,agent_2,F_2,You're moving forward—keep reviewing and clarifying. Each iteration improves coherence.
P_23,task_2,agent_2,F_1,"Hey, it seems like your paragraph cuts off early—could you please finish it? Also, I noticed a couple of issues: you might want to rephrase ""barrier"" in the second sentence and ensure that ""support system"" is used consistently in the sixth."
P_22,task_2,agent_2,F_3,Your draft shows assured control of structure and expression. It highlights strong writerly judgment.
P_22,task_2,agent_2,F_2,You're building momentum—keep refining and checking for consistency. Each pass adds polish.
P_22,task_2,agent_2,F_1,"Thanks for your feedback! I noticed there are a couple of errors that still need attention: the spelling of ""accommodate"" and a grammatical issue with ""the need of all attendees."""
P_8,task_2,agent_2,F_3,Your revisions reflect confident control over clarity and flow. That capability comes through on the page.
P_8,task_2,agent_2,F_2,You're progressing well—keep reviewing and streamlining. Each pass increases clarity.
P_8,task_2,agent_2,F_1,"Hey, I noticed a couple of mistakes in your response. First, there's a spelling error with ""combate,"" and second, you might want to reconsider using ""who"" in the sixth sentence."
P_4,task_2,agent_2,F_3,Your edits display assured judgment and a clear sense of structure. The writing reflects strong ability.
P_4,task_2,agent_2,F_2,You're moving in the right direction—keep refining with a careful pass. Each round sharpens the draft.
P_4,task_2,agent_2,F_1,"It looks like there are still a couple of mistakes in your response: ""a increase"" should be ""an increase,"" and ""platfroms"" is a misspelling of ""platforms."" Just a quick fix and it’ll be all set!"
P_18,task_2,agent_2,F_3,"Your revision shows clear, confident control of clarity and organization. That ability is evident throughout."
P_18,task_2,agent_2,F_2,You're maintaining steady progress—keep refining and aligning wording. Each pass improves readability.
P_18,task_2,agent_2,F_1,"I appreciate your feedback! I noticed a spelling error in ""accommodate"" and a consistency issue with ""guest"" that I'll fix."
P_19,task_2,agent_2,F_3,Your writing reflects confident expression and sound editorial judgment. The result signals strong ability.
P_19,task_2,agent_2,F_2,You're on track—keep reviewing for precision and flow. Each pass adds polish.
P_19,task_2,agent_2,F_1,"Hey, it looks like your response is missing a bit at the end. Also, I noticed two things: there's a grammar mistake in ""sometime fail"" and a word choice issue with ""barrier."""
P_5,task_2,agent_2,F_3,Your edits show confident control of coherence and tone. This reflects strong writing proficiency.
P_5,task_2,agent_2,F_2,You're making steady progress—keep refining with focused passes. Each edit tightens the draft.
P_0,task_2,agent_2,F_1,"You've fixed a lot of the mistakes, which is great, but there are still a couple left. For instance, ""origanizations"" is misspelled, and ""affecting the modern society"" could use a better word choice."
P_17,task_2,agent_1,F_3,Your work reflects strong expressive control and clarity of thought. That ability is evident in the draft.
P_17,task_2,agent_1,F_2,You're moving forward—keep refining and stay focused on the edits. Each pass improves the result.
P_17,task_2,agent_1,F_1,"It looks like there are still a couple of mistakes to fix. There's a spelling error with ""dissapointment"" in the fourth sentence, and ""their guest"" in the seventh sentence could be more consistent."
P_6,task_2,agent_1,F_3,Your revisions display confident command of structure and style. It signals solid writing ability.
P_6,task_2,agent_1,F_2,You're maintaining momentum—keep reviewing and tightening. Each pass adds clarity.
P_6,task_2,agent_1,F_1,"Your response looks good overall, but there are a couple of spelling errors to fix: ""accommodate"" in the second sentence and ""disappointment"" in the fourth. Just a quick edit will make it perfect!"
P_24,task_2,agent_1,F_3,"This revision shows assured control of structure and emphasis. It reflects a strong, confident voice."
P_24,task_2,agent_1,F_2,You're progressing well—keep refining the wording and cadence. Each pass sharpens the paragraph.
P_24,task_2,agent_1,F_1,"Hey! Looks like there are still a couple of spelling mistakes to fix: ""sever"" and ""obth"" in the seventh sentence. Can you take another look?"
P_3,task_2,agent_1,F_3,"Your edits reflect clear, confident control of clarity and flow. That writerly ability stands out."
P_3,task_2,agent_1,F_2,You're keeping steady progress—stay focused and continue refining. Each pass tightens the prose.
P_3,task_2,agent_1,F_1,It looks like there are a couple of mistakes in your response. Can you fix the word choice in the second sentence and the consistency in the sixth sentence?
P_2,task_2,agent_1,F_3,Your draft shows confident control over organization and tone. It reflects strong writing skills.
P_2,task_2,agent_1,F_2,You're making steady headway—keep refining and reviewing. Each pass improves clarity.
P_2,task_2,agent_1,F_1,"It seems like your response got cut off, so could you finish that paragraph? Also, I noticed a couple of mistakes: “misundertanding” needs to be spelled correctly, and in the second sentence, it should be “over-dependence on technology has” instead of “have.”"
P_7,task_2,agent_1,F_3,Your writing reflects assured control of structure and expression. It highlights strong authorial ability.
P_7,task_2,agent_1,F_2,You're moving forward—keep refining with focused passes. Each round adds polish.
P_7,task_2,agent_1,F_1,"It looks like your response is missing some information. Also, I noticed a couple of spelling mistakes: ""challanges"" and ""environement"" should be corrected in the second sentence."
P_21,task_2,agent_1,F_3,"Your revisions exhibit clear, confident judgment about structure and tone. That ability is evident throughout."
P_21,task_2,agent_1,F_2,You're sustaining progress—keep refining and reviewing. Each pass sharpens the draft.
P_21,task_2,agent_1,F_1,"It looks like the paragraph is incomplete! Plus, I found a spelling mistake with ""overdependance"" and a grammar issue in ""organizations does not"" that needs fixing."
P_1,task_2,agent_1,F_3,Your writing shows a confident voice and clear control of structure. It reflects strong expressive ability.
P_1,task_2,agent_1,F_2,You're on track—keep reviewing and refining with a careful pass. Each edit improves the result.
P_1,task_2,agent_1,F_1,"It seems like your response is missing some key corrections. For instance, ""has change"" should be ""has changed,"" and ""convinient"" needs to be corrected to ""convenient."""
P_20,task_2,agent_1,F_3,Your edits reveal assured command of structure and clarity. This reflects strong writing ability.
P_20,task_2,agent_1,F_2,You're progressing well—keep refining for precision and flow. Each pass adds polish.
P_20,task_2,agent_1,F_1,"It looks like you've got most of your response down, but there are a couple of things to fix. First, be sure to use the correct form, ""employees' privacy,"" and also check for consistency with ""health issues"" since it pops up in the fourth sentence."
P_23,task_2,agent_1,F_3,Your revisions demonstrate confident control of tone and organization. The result reflects strong writing capability.
P_23,task_2,agent_1,F_2,You're keeping steady momentum—continue refining and reviewing. Each pass enhances clarity.
P_23,task_2,agent_1,F_1,"Hey, it seems like your response got cut off! By the way, I noticed a couple of errors: ""intgral"" should be spelled as ""integral,"" and ""employees privacy"" needs an apostrophe to indicate possession."
P_22,task_2,agent_1,F_3,"Your draft shows clear, confident control over structure and expression. It highlights strong authorial skill."
P_22,task_2,agent_1,F_2,You're moving forward—keep refining and checking for consistency. Each pass improves readability.
P_22,task_2,agent_1,F_1,"Hey, your response looks good overall, but I noticed a couple of issues that still need fixing: there's a word choice error with ""lack in engagement"" and a grammar error with ""works better"" in the fourth sentence."
P_8,task_2,agent_1,F_3,Your edits reflect confident control of clarity and flow. That capability reads clearly on the page.
P_8,task_2,agent_1,F_2,You're making steady progress—keep refining and streamlining. Each pass adds polish.
P_8,task_2,agent_1,F_1,"You've done a great job fixing most of the errors, but there's still a spelling mistake in ""catastropic"" in the third sentence and a consistency issue with ""livelihood"" in the fourth. Just a couple of tweaks, and you'll be all set!"
P_4,task_2,agent_1,F_3,Your revision shows strong control of structure and emphasis. It reflects confident writing ability.
P_4,task_2,agent_1,F_2,You're staying on track—keep refining with focused passes. Each round tightens the draft.
P_4,task_2,agent_1,F_1,"Your response is mostly good, but there are a couple of errors. For example, ""governments does not"" has a grammar mistake, and ""economic growths"" is the wrong word choice."
P_18,task_2,agent_1,F_3,Your edits reveal assured judgment about clarity and organization. The result signals strong ability.
P_18,task_2,agent_1,F_2,You're progressing well—keep reviewing and aligning phrasing. Each pass improves clarity.
P_18,task_2,agent_1,F_1,"The response is mostly complete, but there are still a couple of mistakes. For example, ""culturla"" is misspelled in the second sentence, and the word ""doesn't"" in the eighth sentence needs a grammar fix."
P_19,task_2,agent_1,F_3,Your draft demonstrates confident control of structure and tone. It reflects strong writerly skill.
P_19,task_2,agent_1,F_2,You're keeping momentum—continue refining with careful passes. Each edit adds polish.
P_19,task_2,agent_1,F_1,"It looks like you've fixed some mistakes, but there are a couple more to look at. For example, ""a integral part"" should be ""an integral part,"" and ""companies fails"" should be ""companies fail."""
P_5,task_2,agent_1,F_3,Your revision reflects strong control of coherence and tone. It showcases confident writing ability.
P_5,task_2,agent_1,F_2,You're making steady progress—keep refining and maintaining focus. Each pass tightens the piece.
P_5,task_2,agent_1,F_1,"You've done a great job fixing many of the errors, but there are still a couple to look at. Check the word choice in the third sentence and also the grammar regarding ""generation"" there."